date,source,total_cases,total_deaths,missing_cases_zip_count,missing_deaths_zip_count
2020-05-02,time_series_data/reduced_geojson/nc_zip0502.json,11166,419,50,0
2020-05-03,time_series_data/reduced_geojson/nc_zip0503.json,11321,421,50,0
2020-05-04,time_series_data/reduced_geojson/nc_zip0504.json,11037,427,50,0
2020-05-05,time_series_data/reduced_geojson/nc_zip0505.json,11437,449,50,0
2020-05-06,time_series_data/reduced_geojson/nc_zip0506.json,11937,473,50,0
2020-05-07,time_series_data/reduced_geojson/nc_zip0507.json,13024,503,50,0
2020-05-08,time_series_data/reduced_geojson/nc_zip0508.json,13492,523,50,0
2020-05-09,time_series_data/reduced_geojson/nc_zip0509.json,13971,540,50,50
2020-05-10,time_series_data/reduced_geojson/nc_zip0510.json,14369,543,50,50
2020-05-11,time_series_data/reduced_geojson/nc_zip0511.json,14638,546,50,50
2020-05-12,time_series_data/reduced_geojson/nc_zip0512.json,14904,572,50,50
2020-05-13,time_series_data/reduced_geojson/nc_zip0513.json,15375,592,50,50
2020-05-14,time_series_data/reduced_geojson/nc_zip0514.json,16078,610,50,50
2020-05-15,time_series_data/reduced_geojson/nc_zip0515.json,16680,636,50,50
2020-05-16,time_series_data/reduced_geojson/nc_zip0516.json,17539,647,50,50
2020-05-17,time_series_data/reduced_geojson/nc_zip0517.json,18058,654,50,50
2020-05-18,time_series_data/reduced_geojson/nc_zip0518.json,18088,654,50,50
2020-05-19,time_series_data/reduced_geojson/nc_zip0519.json,18980,677,50,50
2020-05-23,time_series_data/reduced_geojson/nc_zip0523.json,22224,732,50,50
2020-05-24,time_series_data/reduced_geojson/nc_zip0524.json,22689,739,50,50
2020-05-25,time_series_data/reduced_geojson/nc_zip0525.json,23413,749,50,50
2020-05-26,time_series_data/reduced_geojson/nc_zip0526.json,23610,761,50,50
2020-05-27,time_series_data/reduced_geojson/nc_zip0527.json,24100,789,50,50
2020-05-28,time_series_data/reduced_geojson/nc_zip0528.json,24869,822,50,50
2020-05-29,time_series_data/reduced_geojson/nc_zip0529.json,25889,854,50,50
2020-05-30,time_series_data/reduced_geojson/nc_zip0530.json,27013,872,50,50
2020-05-31,time_series_data/reduced_geojson/nc_zip0531.json,27875,881,50,50
2020-06-01,time_series_data/reduced_geojson/nc_zip0601.json,28533,892,50,50
2020-06-02,time_series_data/reduced_geojson/nc_zip0602.json,29164,913,50,50
2020-06-03,time_series_data/reduced_geojson/nc_zip0603.json,30043,931,50,50
2020-06-04,time_series_data/reduced_geojson/nc_zip0604.json,31216,952,50,50
2020-06-05,time_series_data/reduced_geojson/nc_zip0605.json,32496,959,50,50
2020-06-06,time_series_data/reduced_geojson/nc_zip0606.json,33825,983,50,50
2020-06-07,time_series_data/reduced_geojson/nc_zip0607.json,34750,987,49,49
2020-06-08,time_series_data/reduced_geojson/nc_zip0608.json,35648,996,49,49
2020-06-09,time_series_data/reduced_geojson/nc_zip0609.json,36350,1019,49,49
2020-06-10,time_series_data/reduced_geojson/nc_zip0610.json,37379,1043,49,49
2020-06-11,time_series_data/reduced_geojson/nc_zip0611.json,38661,1054,49,49
2020-06-12,time_series_data/reduced_geojson/nc_zip0612.json,40390,1082,49,49
2020-06-13,time_series_data/reduced_geojson/nc_zip0613.json,41823,1094,49,49
2020-06-14,time_series_data/reduced_geojson/nc_zip0614.json,43259,1099,49,49
2020-06-15,time_series_data/reduced_geojson/nc_zip0615.json,44203,1108,49,49
2020-06-16,time_series_data/reduced_geojson/nc_zip0616.json,44976,1144,49,49
2020-06-17,time_series_data/reduced_geojson/nc_zip0617.json,45950,1158,48,48
2020-06-18,time_series_data/reduced_geojson/nc_zip0618.json,47268,1165,48,48
2020-06-19,time_series_data/reduced_geojson/nc_zip0619.json,48913,1186,48,48
2020-06-20,time_series_data/reduced_geojson/nc_zip0620.json,50344,1201,48,48
2020-06-21,time_series_data/reduced_geojson/nc_zip0621.json,51784,1209,48,48
2020-06-22,time_series_data/reduced_geojson/nc_zip0622.json,52607,1212,48,48
2020-06-23,time_series_data/reduced_geojson/nc_zip0623.json,53472,1239,48,48
2020-06-24,time_series_data/reduced_geojson/nc_zip0624.json,55168,1260,48,48
2020-06-25,time_series_data/reduced_geojson/nc_zip0625.json,56192,1279,48,48
2020-06-26,time_series_data/reduced_geojson/nc_zip0626.json,57809,1291,48,48
2020-06-27,time_series_data/reduced_geojson/nc_zip0627.json,59517,1306,48,48
2020-06-28,time_series_data/reduced_geojson/nc_zip0628.json,61076,1310,48,48
2020-06-29,time_series_data/reduced_geojson/nc_zip0629.json,62392,1313,48,48
2020-06-30,time_series_data/reduced_geojson/nc_zip0630.json,63563,1331,48,48
2020-07-01,time_series_data/reduced_geojson/nc_zip0701.json,65350,1361,48,48
2020-07-02,time_series_data/reduced_geojson/nc_zip0702.json,66959,1379,48,48
2020-07-03,time_series_data/reduced_geojson/nc_zip0703.json,69034,1380,49,49
2020-07-04,time_series_data/reduced_geojson/nc_zip0704.json,70416,1383,49,49
2020-07-05,time_series_data/reduced_geojson/nc_zip0705.json,71721,1384,47,47
2020-07-06,time_series_data/reduced_geojson/nc_zip0706.json,73238,1386,47,47
2020-07-07,time_series_data/reduced_geojson/nc_zip0707.json,74587,1408,47,47
2020-07-08,time_series_data/reduced_geojson/nc_zip0708.json,75982,1429,47,47
2020-07-09,time_series_data/reduced_geojson/nc_zip0709.json,77990,1449,47,47
2020-07-10,time_series_data/reduced_geojson/nc_zip0710.json,79961,1467,47,47
2020-07-11,time_series_data/reduced_geojson/nc_zip0711.json,82336,1487,47,47
2020-07-12,time_series_data/reduced_geojson/nc_zip0712.json,84184,1491,47,47
2020-07-13,time_series_data/reduced_geojson/nc_zip0713.json,85955,1498,47,47
2020-07-14,time_series_data/reduced_geojson/nc_zip0714.json,87929,1540,46,46
2020-07-15,time_series_data/reduced_geojson/nc_zip0715.json,89706,1556,46,46
2020-07-16,time_series_data/reduced_geojson/nc_zip0716.json,91820,1576,46,46
2020-07-17,time_series_data/reduced_geojson/nc_zip0717.json,93858,1594,46,46
2020-07-18,time_series_data/reduced_geojson/nc_zip0718.json,96291,1617,46,46
2020-07-19,time_series_data/reduced_geojson/nc_zip0719.json,98058,1621,46,46
2020-07-20,time_series_data/reduced_geojson/nc_zip0720.json,99295,1629,46,46
2020-07-21,time_series_data/reduced_geojson/nc_zip0721.json,101112,1654,46,46
2020-07-22,time_series_data/reduced_geojson/nc_zip0722.json,103192,1683,46,46
2020-07-23,time_series_data/reduced_geojson/nc_zip0723.json,105073,1711,46,46
2020-07-24,time_series_data/reduced_geojson/nc_zip0724.json,107152,1731,46,46
2020-07-25,time_series_data/reduced_geojson/nc_zip0725.json,109218,1763,44,44
2020-07-26,time_series_data/reduced_geojson/nc_zip0726.json,110827,1770,0,0
2020-07-27,time_series_data/reduced_geojson/nc_zip0727.json,112349,1775,44,44
2020-07-28,time_series_data/reduced_geojson/nc_zip0728.json,114077,1805,44,44
2020-07-29,time_series_data/reduced_geojson/nc_zip0729.json,115798,1850,44,44
2020-07-30,time_series_data/reduced_geojson/nc_zip0730.json,118100,1887,44,44
2020-07-31,time_series_data/reduced_geojson/nc_zip0731.json,120016,1906,44,44
2020-08-01,time_series_data/reduced_geojson/nc_zip0801.json,121710,1946,44,44
2020-08-02,time_series_data/reduced_geojson/nc_zip0802.json,123015,1951,44,44
2020-08-03,time_series_data/reduced_geojson/nc_zip0803.json,124296,1964,44,44
2020-08-04,time_series_data/reduced_geojson/nc_zip0804.json,125917,1991,44,44
2020-08-05,time_series_data/reduced_geojson/nc_zip0805.json,127035,2028,44,44
2020-08-06,time_series_data/reduced_geojson/nc_zip0806.json,128933,2068,43,43
2020-08-07,time_series_data/reduced_geojson/nc_zip0807.json,130470,2110,43,43
2020-08-08,time_series_data/reduced_geojson/nc_zip0808.json,132391,2136,42,42
2020-08-09,time_series_data/reduced_geojson/nc_zip0809.json,133794,2144,42,42
2020-08-10,time_series_data/reduced_geojson/nc_zip0810.json,134399,2148,42,42
2020-08-11,time_series_data/reduced_geojson/nc_zip0811.json,135465,2179,42,42
2020-08-12,time_series_data/reduced_geojson/nc_zip0812.json,136641,2224,42,42
2020-08-13,time_series_data/reduced_geojson/nc_zip0813.json,138399,2262,40,40
2020-08-14,time_series_data/reduced_geojson/nc_zip0814.json,139745,2288,40,40
2020-08-15,time_series_data/reduced_geojson/nc_zip0815.json,141258,2318,40,40
2020-08-16,time_series_data/reduced_geojson/nc_zip0816.json,142479,2322,40,40
2020-08-17,time_series_data/reduced_geojson/nc_zip0817.json,143031,2323,40,40
2020-08-18,time_series_data/reduced_geojson/nc_zip0818.json,144278,2370,39,39
2020-08-19,time_series_data/reduced_geojson/nc_zip0819.json,145415,2405,39,39
2020-08-20,time_series_data/reduced_geojson/nc_zip0820.json,147388,2439,39,39
2020-08-21,time_series_data/reduced_geojson/nc_zip0821.json,149374,2468,39,39
2020-08-22,time_series_data/reduced_geojson/nc_zip0822.json,151059,2494,38,38
2020-08-23,time_series_data/reduced_geojson/nc_zip0823.json,152517,2504,37,37
2020-08-24,time_series_data/reduced_geojson/nc_zip0824.json,153770,2508,37,37
2020-08-25,time_series_data/reduced_geojson/nc_zip0825.json,155121,2542,37,37
2020-08-26,time_series_data/reduced_geojson/nc_zip0826.json,156361,2576,37,37
2020-08-27,time_series_data/reduced_geojson/nc_zip0827.json,158427,2599,38,38
2020-08-28,time_series_data/reduced_geojson/nc_zip0828.json,159798,2620,38,38
2020-08-29,time_series_data/reduced_geojson/nc_zip0829.json,162318,2648,38,38
2020-08-30,time_series_data/reduced_geojson/nc_zip0830.json,163373,2657,38,38
2020-08-31,time_series_data/reduced_geojson/nc_zip0831.json,164544,2667,38,38
2020-09-01,time_series_data/reduced_geojson/nc_zip0901.json,166627,2704,38,38
2020-09-02,time_series_data/reduced_geojson/nc_zip0902.json,167757,2743,38,38
2020-09-03,time_series_data/reduced_geojson/nc_zip0903.json,169367,2768,36,36
2020-09-04,time_series_data/reduced_geojson/nc_zip0904.json,171373,2804,35,35
2020-09-05,time_series_data/reduced_geojson/nc_zip0905.json,172940,2853,37,37
2020-09-06,time_series_data/reduced_geojson/nc_zip0906.json,174005,2854,37,37
2020-09-07,time_series_data/reduced_geojson/nc_zip0907.json,174999,2861,36,36
2020-09-08,time_series_data/reduced_geojson/nc_zip0908.json,175694,2873,36,36
2020-09-09,time_series_data/reduced_geojson/nc_zip0909.json,176606,2922,36,36
2020-09-10,time_series_data/reduced_geojson/nc_zip0910.json,177812,2954,36,36
2020-09-11,time_series_data/reduced_geojson/nc_zip0911.json,179356,2987,36,36
2020-09-12,time_series_data/reduced_geojson/nc_zip0912.json,180779,3009,36,36
2020-09-13,time_series_data/reduced_geojson/nc_zip0913.json,181963,3014,35,35
2020-09-14,time_series_data/reduced_geojson/nc_zip0914.json,182793,3022,35,35
2020-09-15,time_series_data/reduced_geojson/nc_zip0915.json,183884,3072,34,34
2020-09-16,time_series_data/reduced_geojson/nc_zip0916.json,185006,3110,34,34
2020-09-17,time_series_data/reduced_geojson/nc_zip0917.json,186557,3141,34,34
2020-09-18,time_series_data/reduced_geojson/nc_zip0918.json,187997,3169,34,34
2020-09-19,time_series_data/reduced_geojson/nc_zip0919.json,189201,3197,34,34
2020-09-20,time_series_data/reduced_geojson/nc_zip0920.json,190472,3205,34,34
2020-09-21,time_series_data/reduced_geojson/nc_zip0921.json,191249,3209,34,34
2020-09-22,time_series_data/reduced_geojson/nc_zip0922.json,192432,3247,34,34
2020-09-23,time_series_data/reduced_geojson/nc_zip0923.json,193377,3275,32,32
2020-09-24,time_series_data/reduced_geojson/nc_zip0924.json,194969,3314,32,32
2020-09-25,time_series_data/reduced_geojson/nc_zip0925.json,201029,3367,30,30
2020-09-26,time_series_data/reduced_geojson/nc_zip0926.json,202685,3398,30,30
2020-09-27,time_series_data/reduced_geojson/nc_zip0927.json,203970,3399,30,30
2020-09-28,time_series_data/reduced_geojson/nc_zip0928.json,204824,3403,30,30
2020-09-29,time_series_data/reduced_geojson/nc_zip0929.json,205705,3453,30,30
2020-09-30,time_series_data/reduced_geojson/nc_zip0930.json,207180,3491,30,30
2020-10-01,time_series_data/reduced_geojson/nc_zip1001.json,209421,3538,30,30
2020-10-02,time_series_data/reduced_geojson/nc_zip1002.json,211174,3567,30,30
